<?xml version='1.0' encoding='UTF-8'?>

<!--
 Copyright 2004 Sun Microsystems, Inc. All Rights Reserved.
 
 Redistribution and use in source and binary forms, with or
 without modification, are permitted provided that the following
 conditions are met:
 
 - Redistributions of source code must retain the above copyright
   notice, this list of conditions and the following disclaimer.
 
 - Redistribution in binary form must reproduce the above
   copyright notice, this list of conditions and the following
   disclaimer in the documentation and/or other materials
   provided with the distribution.
    
 Neither the name of Sun Microsystems, Inc. or the names of
 contributors may be used to endorse or promote products derived
 from this software without specific prior written permission.
  
 This software is provided "AS IS," without a warranty of any
 kind. ALL EXPRESS OR IMPLIED CONDITIONS, REPRESENTATIONS AND
 WARRANTIES, INCLUDING ANY IMPLIED WARRANTY OF MERCHANTABILITY,
 FITNESS FOR A PARTICULAR PURPOSE OR NON-INFRINGEMENT, ARE HEREBY
 EXCLUDED. SUN AND ITS LICENSORS SHALL NOT BE LIABLE FOR ANY
 DAMAGES OR LIABILITIES SUFFERED BY LICENSEE AS A RESULT OF OR
 RELATING TO USE, MODIFICATION OR DISTRIBUTION OF THIS SOFTWARE OR
 ITS DERIVATIVES. IN NO EVENT WILL SUN OR ITS LICENSORS BE LIABLE
 FOR ANY LOST REVENUE, PROFIT OR DATA, OR FOR DIRECT, INDIRECT,
 SPECIAL, CONSEQUENTIAL, INCIDENTAL OR PUNITIVE DAMAGES, HOWEVER
 CAUSED AND REGARDLESS OF THE THEORY OF LIABILITY, ARISING OUT OF
 THE USE OF OR INABILITY TO USE THIS SOFTWARE, EVEN IF SUN HAS
 BEEN ADVISED OF THE POSSIBILITY OF SUCH DAMAGES.
  
 You acknowledge that this software is not designed, licensed or
 intended for use in the design, construction, operation or
 maintenance of any nuclear facility.
-->

<!DOCTYPE faces-config PUBLIC
  "-//Sun Microsystems, Inc.//DTD JavaServer Faces Config 1.1//EN"
  "http://java.sun.com/dtd/web-facesconfig_1_1.dtd">

<faces-config>


  <!-- =================== Initialize Image Map Hotspot Data ============== -->

  <managed-bean>
    <managed-bean-name>imageMap</managed-bean-name>
    <managed-bean-class> components.model.ImageMap </managed-bean-class>
    <managed-bean-scope> session </managed-bean-scope>
  </managed-bean>

  <managed-bean>
    <description>
      Causes the default VariableResolver implementation to instantiate the 
      managed bean, NA of the class, components.model.ImageArea in application 
      scope if the bean does not already exist in any scope and initialize the
      shape, alt, and coords properties with the values specified by the
      managed-property elements.
    </description>
    <managed-bean-name> NA </managed-bean-name>
    <managed-bean-class> components.model.ImageArea </managed-bean-class>
    <managed-bean-scope> application </managed-bean-scope>
    <managed-property>
      <description>
        Initializes the shape property of the managed bean, NA with the value, 
        poly.
      </description>
      <property-name>shape</property-name>
      <value>poly</value>
    </managed-property>
    <managed-property>
      <description>
        Initializes the alt property of the managed bean, NA with the value, 
        NAmerica.
      </description>
      <property-name>alt</property-name>
      <value>NAmerica</value>
    </managed-property>
    <managed-property>
      <description>
        Initializes the coords property of the managed bean, NA with the value 
        specified by the value element.
      </description>
      <property-name>coords</property-name>
      <value>
        6,15,6,28,2,30,6,34,13,28,17,28,25,35,25,44,37,45,45,46,45,48,48,49,48,44,60,35,55,21,48,16,6,15
      </value>
    </managed-property>
  </managed-bean>

  <managed-bean>
     <description>
      Causes the default VariableResolver implementation to instantiate the 
      managed bean, SA of the class, components.model.ImageArea in application 
      scope if the bean does not already exist in any scope and initialize the
      shape, alt, and coords properties with the values specified by the
      managed-property elements.
    </description>
    <managed-bean-name>SA</managed-bean-name>
    <managed-bean-class>components.model.ImageArea</managed-bean-class>
    <managed-bean-scope>application</managed-bean-scope>
    <managed-property>
      <description>
        Initializes the shape property of the managed bean, SA with the value 
        poly.
      </description>
      <property-name>shape</property-name>
      <value>poly</value>
    </managed-property>
    <managed-property>
      <description>
        Initializes the alt property of the managed bean, SA with the value 
        SAmerica.
      </description>
      <property-name>alt</property-name>
      <value>SAmerica</value>
    </managed-property>
    <managed-property>
      <description>
        Initializes the coords property of the managed bean, SA with the value 
        specified by the value element.
      </description>
      <property-name>coords</property-name>
      <value>
        29,44,49,71,49,91,54,91,73,63,57,52,46,51,39,45
      </value>
    </managed-property>
  </managed-bean>

  <managed-bean>
     <description>
      Causes the default VariableResolver implementation to instantiate the 
      managed bean, finA of the class, components.model.ImageArea in application 
      scope if the bean does not already exist in any scope and initialize the
      shape, alt, and coords properties with the values specified by the
      managed-property elements.
    </description>
    <managed-bean-name>finA</managed-bean-name>
    <managed-bean-class>components.model.ImageArea</managed-bean-class>
    <managed-bean-scope>application</managed-bean-scope>
    <managed-property>
      <description>
        Initializes the shape property of the managed bean, finA with the value 
        poly.
      </description>
      <property-name>shape</property-name>
      <value>poly</value>
    </managed-property>
    <managed-property>
      <description>
        Initializes the alt property of the managed bean, finA with the value 
        Finland.
      </description>
      <property-name>alt</property-name>
      <value>Finland</value>
    </managed-property>
    <managed-property>
      <description>
        Initializes the coords property of the managed bean, finA with the value 
        specified by the value element.
      </description>
      <property-name>coords</property-name>
      <value>
        97,17,94,21,97,29,102,29,101,18,97,17
      </value>
    </managed-property>
  </managed-bean>

  <managed-bean>
     <description>
      Causes the default VariableResolver implementation to instantiate the 
      managed bean, gerA of the class, components.model.ImageArea in application 
      scope if the bean does not already exist in any scope and initialize the
      shape, alt, and coords properties with the values specified by the
      managed-property elements.
    </description>
    <managed-bean-name> gerA </managed-bean-name>
    <managed-bean-class> components.model.ImageArea </managed-bean-class>
    <managed-bean-scope> application </managed-bean-scope>
    <managed-property>
      <description>
        Initializes the shape property of the managed bean, gerA with the value 
        poly.
      </description>
      <property-name>shape</property-name>
      <value>poly</value>
    </managed-property>
    <managed-property>
      <description>
        Initializes the alt property of the managed bean, gerA with the value 
        Germany.
      </description>
      <property-name>alt</property-name>
      <value>Germany</value>
    </managed-property>
    <managed-property>
      <description>
        Initializes the coords property of the managed bean, gerA with the value 
        specified by the value element.
      </description>
      <property-name>coords</property-name>
      <value>
        90,28,96,28,96,39,90,39,90,28
      </value>
    </managed-property>
  </managed-bean>

  <managed-bean>
     <description>
      Causes the default VariableResolver implementation to instantiate the 
      managed bean, fraA of the class, components.model.ImageArea in application 
      scope if the bean does not already exist in any scope and initialize the
      shape, alt, and coords properties with the values specified by the
      managed-property elements.
    </description>
    <managed-bean-name> fraA </managed-bean-name>
    <managed-bean-class> components.model.ImageArea </managed-bean-class>
    <managed-bean-scope> application </managed-bean-scope>
    <managed-property>
      <description>
        Initializes the shape property of the managed bean, fraA with the value 
        poly.
      </description>
      <property-name>shape</property-name>
      <value>poly</value>
    </managed-property>
    <managed-property>
      <description>
        Initializes the alt property of the managed bean, fraA with the value 
        France.
      </description>
      <property-name>alt</property-name>
      <value>France</value>
    </managed-property>
    <managed-property>
      <description>
        Initializes the coords property of the managed bean, fraA with the value 
        specified by the value element.
      </description>
      <property-name>coords</property-name>
      <value>
        84,31,84,39,90,39,90,30,84,31
      </value>
    </managed-property>
  </managed-bean>
  
  <managed-bean>
    <managed-bean-name>RepeaterBean</managed-bean-name>
    <managed-bean-class>demo.model.RepeaterBean</managed-bean-class>
    <managed-bean-scope>request</managed-bean-scope>
  </managed-bean>

  <managed-bean>
    <managed-bean-name>ResultSetBean</managed-bean-name>
    <managed-bean-class>demo.model.ResultSetBean</managed-bean-class>
    <managed-bean-scope>session</managed-bean-scope>
  </managed-bean>
  
  <managed-bean>
    <managed-bean-name>GraphBean</managed-bean-name>
    <managed-bean-class>demo.model.GraphBean</managed-bean-class>
    <managed-bean-scope>session</managed-bean-scope>
  </managed-bean>  

  <managed-bean>
    <managed-bean-name>ChartBean</managed-bean-name>
    <managed-bean-class>demo.model.ChartBean</managed-bean-class>
    <managed-bean-scope>session</managed-bean-scope>
  </managed-bean>

</faces-config>
