<?xml encoding='UTF-8'?>

<!--
 Copyright 2004 Sun Microsystems, Inc. All rights reserved.
 SUN PROPRIETARY/CONFIDENTIAL. Use is subject to license terms.
-->


<!-- ========== Command+Button Properties ================================== -->


<!-- template

      <property>
        <description>
        </description>
        <display-name></display-name>
        <icon></icon>
        <property-name></property-name>
        <property-class>java.lang.String</property-class>
      </property>

-->

    <property>
      <description>
        Alternate textual description of the
        element rendered by this component.
      </description>
      <display-name>Alternate Text</display-name>
      <icon></icon>
      <property-name>alt</property-name>
      <property-class>java.lang.String</property-class>
      <property-extension>
        <pass-through>true</pass-through>
      </property-extension>
    </property>

    <property>
      <description>
        Absolute or relative URL of the image
        to be displayed for this button.  If
        specified, this "input" element will be
        of type "image".  Otherwise, it will be
        of the type specified by the "type"
        property with a label specified by the
        "value" property.
      </description>
      <display-name>Image URL</display-name>
      <icon></icon>
      <property-name>image</property-name>
      <property-class>java.lang.String</property-class>
    </property>

    <property>
      <description>
         Type of button to create.  Valid values are "submit" and
         "reset".  If not specified, or not a valid value, the default
         value is "submit".
      </description>
      <display-name>Button Type</display-name>
      <icon></icon>
      <property-name>type</property-name>
      <property-class>java.lang.String</property-class>
      <property-extension>
        <default-value>"submit"</default-value>
      </property-extension>
    </property>

