<?xml version='1.0' encoding='UTF-8'?>

<!--
 Copyright 2004 Sun Microsystems, Inc. All rights reserved.
 SUN PROPRIETARY/CONFIDENTIAL. Use is subject to license terms.
-->


<!-- ========== Core Attributes ============================================ -->


<!-- template

      <attribute>
        <description>
        </description>
        <display-name></display-name>
        <icon></icon>
        <attribute-name></attribute-name>
        <attribute-class>java.lang.String</attribute-class>
      </attribute>

-->

      <attribute>
	<description>
          CSS style(s) to be applied when this component is rendered.
        </description>
	<display-name>CSS Styles</display-name>
	<icon></icon>
	<attribute-name>style</attribute-name>
	<attribute-class>java.lang.String</attribute-class>
        <attribute-extension>
          <pass-through>true</pass-through>
        </attribute-extension>
      </attribute>

      <attribute>
        <description>
          Space-separated list of CSS style class(es) to be applied when
          this element is rendered.  This value must be passed through
          as the "class" attribute on generated markup.
        </description>
        <display-name>CSS Style Classes</display-name>
        <icon></icon>
        <attribute-name>styleClass</attribute-name>
        <attribute-class>java.lang.String</attribute-class>
        <attribute-extension>
          <pass-through>false</pass-through>
        </attribute-extension>
      </attribute>

      <attribute>
        <description>
          Advisory title information about markup elements generated
          for this component.
        </description>
        <display-name>Advisory Title</display-name>
        <icon></icon>
        <attribute-name>title</attribute-name>
        <attribute-class>java.lang.String</attribute-class>
        <attribute-extension>
          <pass-through>true</pass-through>
        </attribute-extension>
      </attribute>

