<?xml version='1.0' encoding='UTF-8'?>

<!--
 Copyright 2004 Sun Microsystems, Inc. All rights reserved.
 SUN PROPRIETARY/CONFIDENTIAL. Use is subject to license terms.
-->


<!-- ========== Event Attributes =========================================== -->


<!-- template

      <attribute>
        <description>
        </description>
        <display-name></display-name>
        <icon></icon>
        <attribute-name></attribute-name>
        <attribute-class>java.lang.String</attribute-class>
      </attribute>

-->

      <attribute>
        <description>
          Javascript code executed when a pointer button is
          clicked over this element.
        </description>
        <display-name>Button Click Script</display-name>
        <icon></icon>
        <attribute-name>onclick</attribute-name>
        <attribute-class>java.lang.String</attribute-class>
        <attribute-extension>
          <pass-through>true</pass-through>
        </attribute-extension>
      </attribute>

      <attribute>
        <description>
          Javascript code executed when a pointer button is
          double clicked over this element.
        </description>
        <display-name>Double Click Script</display-name>
        <icon></icon>
        <attribute-name>ondblclick</attribute-name>
        <attribute-class>java.lang.String</attribute-class>
        <attribute-extension>
          <pass-through>true</pass-through>
        </attribute-extension>
      </attribute>

      <attribute>
        <description>
          Javascript code executed when a pointer button is
          pressed down over this element.
        </description>
        <display-name>Mouse Down Script</display-name>
        <icon></icon>
        <attribute-name>onmousedown</attribute-name>
        <attribute-class>java.lang.String</attribute-class>
        <attribute-extension>
          <pass-through>true</pass-through>
        </attribute-extension>
      </attribute>

      <attribute>
        <description>
          Javascript code executed when a pointer button is
          released over this element.
        </description>
        <display-name>Mouse Up Script</display-name>
        <icon></icon>
        <attribute-name>onmouseup</attribute-name>
        <attribute-class>java.lang.String</attribute-class>
        <attribute-extension>
          <pass-through>true</pass-through>
        </attribute-extension>
      </attribute>

      <attribute>
        <description>
          Javascript code executed when a pointer button is
          moved onto this element.
        </description>
        <display-name>Mouse Over Script</display-name>
        <icon></icon>
        <attribute-name>onmouseover</attribute-name>
        <attribute-class>java.lang.String</attribute-class>
        <attribute-extension>
          <pass-through>true</pass-through>
        </attribute-extension>
      </attribute>

      <attribute>
        <description>
          Javascript code executed when a pointer button is
          moved within this element.
        </description>
        <display-name>Mouse Move Script</display-name>
        <icon></icon>
        <attribute-name>onmousemove</attribute-name>
        <attribute-class>java.lang.String</attribute-class>
        <attribute-extension>
          <pass-through>true</pass-through>
        </attribute-extension>
      </attribute>

      <attribute>
        <description>
          Javascript code executed when a pointer button is
          moved away from this element.
        </description>
        <display-name>Mouse Out Script</display-name>
        <icon></icon>
        <attribute-name>onmouseout</attribute-name>
        <attribute-class>java.lang.String</attribute-class>
        <attribute-extension>
          <pass-through>true</pass-through>
        </attribute-extension>
      </attribute>

      <attribute>
        <description>
          Javascript code executed when a key is
          pressed and released over this element.
        </description>
        <display-name>Key Press Script</display-name>
        <icon></icon>
        <attribute-name>onkeypress</attribute-name>
        <attribute-class>java.lang.String</attribute-class>
        <attribute-extension>
          <pass-through>true</pass-through>
        </attribute-extension>
      </attribute>

      <attribute>
        <description>
          Javascript code executed when a key is
          pressed down over this element.
        </description>
        <display-name>Key Down Script</display-name>
        <icon></icon>
        <attribute-name>onkeydown</attribute-name>
        <attribute-class>java.lang.String</attribute-class>
        <attribute-extension>
          <pass-through>true</pass-through>
        </attribute-extension>
      </attribute>

      <attribute>
        <description>
          Javascript code executed when a key is
          released over this element.
        </description>
        <display-name>Key Up Script</display-name>
        <icon></icon>
        <attribute-name>onkeyup</attribute-name>
        <attribute-class>java.lang.String</attribute-class>
        <attribute-extension>
          <pass-through>true</pass-through>
        </attribute-extension>
      </attribute>

