<?xml encoding='UTF-8'?>

<!--
 Copyright 2004 Sun Microsystems, Inc. All rights reserved.
 SUN PROPRIETARY/CONFIDENTIAL. Use is subject to license terms.
-->


<!-- ========== Focus Attributes =========================================== -->


<!-- template

      <attribute>
        <description>
        </description>
        <display-name></display-name>
        <icon></icon>
        <attribute-name></attribute-name>
        <attribute-class>java.lang.String</attribute-class>
      </attribute>

-->

      <attribute>
        <description>
          Access key that, when pressed, transfers focus
          to this element.
        </description>
        <display-name>Access Key</display-name>
        <icon></icon>
        <attribute-name>accesskey</attribute-name>
        <attribute-class>java.lang.String</attribute-class>
        <attribute-extension>
          <pass-through>true</pass-through>
        </attribute-extension>
      </attribute>

      <attribute>
        <description>
          Javascript code executed when this element loses focus.
        </description>
        <display-name>Focus Off Script</display-name>
        <icon></icon>
        <attribute-name>onblur</attribute-name>
        <attribute-class>java.lang.String</attribute-class>
        <attribute-extension>
          <pass-through>true</pass-through>
        </attribute-extension>
      </attribute>

      <attribute>
        <description>
          Javascript code executed when this element receives focus.
        </description>
        <display-name>Focus On Script</display-name>
        <icon></icon>
        <attribute-name>onfocus</attribute-name>
        <attribute-class>java.lang.String</attribute-class>
        <attribute-extension>
          <pass-through>true</pass-through>
        </attribute-extension>
      </attribute>

      <attribute>
        <description>
          Position of this element in the tabbing order
          for the current document.  This value must be
          an integer between 0 and 32767.
        </description>
        <display-name>Tab Index</display-name>
        <icon></icon>
        <attribute-name>tabindex</attribute-name>
        <attribute-class>java.lang.String</attribute-class>
        <attribute-extension>
          <pass-through>true</pass-through>
        </attribute-extension>
      </attribute>

