<?xml encoding='UTF-8'?>

<!--
 Copyright 2004 Sun Microsystems, Inc. All rights reserved.
 SUN PROPRIETARY/CONFIDENTIAL. Use is subject to license terms.
-->


<!-- ========== Focus Properties =========================================== -->


<!-- template

      <property>
        <description>
        </description>
        <display-name></display-name>
        <icon></icon>
        <property-name></property-name>
        <property-class>java.lang.String</property-class>
      </property>

-->

      <property>
        <description>
          Access key that, when pressed, transfers focus
          to this element.
        </description>
        <display-name>Access Key</display-name>
        <icon></icon>
        <property-name>accesskey</property-name>
        <property-class>java.lang.String</property-class>
        <property-extension>
          <pass-through>true</pass-through>
        </property-extension>
      </property>

      <property>
        <description>
          Javascript code executed when this element loses focus.
        </description>
        <display-name>Focus Off Script</display-name>
        <icon></icon>
        <property-name>onblur</property-name>
        <property-class>java.lang.String</property-class>
        <property-extension>
          <pass-through>true</pass-through>
        </property-extension>
      </property>

      <property>
        <description>
          Javascript code executed when this element receives focus.
        </description>
        <display-name>Focus On Script</display-name>
        <icon></icon>
        <property-name>onfocus</property-name>
        <property-class>java.lang.String</property-class>
        <property-extension>
          <pass-through>true</pass-through>
        </property-extension>
      </property>

      <property>
        <description>
          Position of this element in the tabbing order
          for the current document.  This value must be
          an integer between 0 and 32767.
        </description>
        <display-name>Tab Index</display-name>
        <icon></icon>
        <property-name>tabindex</property-name>
        <property-class>java.lang.String</property-class>
        <property-extension>
          <pass-through>true</pass-through>
        </property-extension>
      </property>

