<?xml encoding='UTF-8'?>

<!--
 Copyright 2004 Sun Microsystems, Inc. All rights reserved.
 SUN PROPRIETARY/CONFIDENTIAL. Use is subject to license terms.
-->


<!-- ========== Graphic+Image Attributes =================================== -->


<!-- template

      <attribute>
        <description>
        </description>
        <display-name></display-name>
        <icon></icon>
        <attribute-name></attribute-name>
        <attribute-class>java.lang.String</attribute-class>
      </attribute>

-->

    <attribute>
      <description>
        Alternate textual description of the
        element rendered by this component.
      </description>
      <display-name>Alternate Text</display-name>
      <icon></icon>
      <attribute-name>alt</attribute-name>
      <attribute-class>java.lang.String</attribute-class>
      <attribute-extension>
        <pass-through>true</pass-through>
      </attribute-extension>
    </attribute>

    <attribute>
      <description>
        Override for the height of this image.
      </description>
      <display-name>Image Height</display-name>
      <icon></icon>
      <attribute-name>height</attribute-name>
      <attribute-class>java.lang.String</attribute-class>
      <attribute-extension>
        <pass-through>true</pass-through>
      </attribute-extension>
    </attribute>

    <attribute>
      <description>
        Flag indicating that this image is to be
        used as a server side image map.  Such an image
        must be enclosed within a hyperlink ("a").
      </description>
      <display-name>Image Map Flag</display-name>
      <icon></icon>
      <attribute-name>ismap</attribute-name>
      <attribute-class>boolean</attribute-class>
      <attribute-extension>
        <pass-through>true</pass-through>
      </attribute-extension>
    </attribute>

    <attribute>
      <description>
        URI to a long description of the image
        represented by this element.
      </description>
      <display-name>Long Description</display-name>
      <icon></icon>
      <attribute-name>longdesc</attribute-name>
      <attribute-class>java.lang.String</attribute-class>
      <attribute-extension>
        <pass-through>true</pass-through>
      </attribute-extension>
    </attribute>

    <attribute>
      <description>
        The name of a client side image map (an HTML "map"
        element) for which this element provides the image.
      </description>
      <display-name>Use Image Map</display-name>
      <icon></icon>
      <attribute-name>usemap</attribute-name>
      <attribute-class>java.lang.String</attribute-class>
      <attribute-extension>
        <pass-through>true</pass-through>
      </attribute-extension>
    </attribute>

    <attribute>
      <description>
        Override for the width of this image.
      </description>
      <display-name>Image Width</display-name>
      <icon></icon>
      <attribute-name>width</attribute-name>
      <attribute-class>java.lang.String</attribute-class>
      <attribute-extension>
        <pass-through>true</pass-through>
      </attribute-extension>
    </attribute>

