<?xml version='1.0' encoding='UTF-8'?>

<!--
 Copyright 2004 Sun Microsystems, Inc. All rights reserved.
 SUN PROPRIETARY/CONFIDENTIAL. Use is subject to license terms.
-->


<!-- ========== I18N Attributes ============================================ -->


<!-- template

      <attribute>
        <description>
        </description>
        <display-name></display-name>
        <icon></icon>
        <attribute-name></attribute-name>
        <attribute-class>java.lang.String</attribute-class>
      </attribute>

-->

      <attribute>
        <description>
          Direction indication for text that does not inherit directionality.
          Valid values are "LTR" (left-to-right) and "RTL" (right-to-left).
        </description>
        <display-name>Direction</display-name>
        <icon></icon>
        <attribute-name>dir</attribute-name>
        <attribute-class>java.lang.String</attribute-class>
        <attribute-extension>
          <pass-through>true</pass-through>
        </attribute-extension>
      </attribute>

      <attribute>
        <description>
          Code describing the language used in the generated markup
          for this component.
        </description>
        <display-name>Language Code</display-name>
        <icon></icon>
        <attribute-name>lang</attribute-name>
        <attribute-class>java.lang.String</attribute-class>
        <attribute-extension>
          <pass-through>true</pass-through>
        </attribute-extension>
      </attribute>

