<?xml encoding='UTF-8'?>

<!--
 Copyright 2004 Sun Microsystems, Inc. All rights reserved.
 SUN PROPRIETARY/CONFIDENTIAL. Use is subject to license terms.
-->


<!-- ========== Input Attributes =========================================== -->


<!-- template

      <attribute>
        <description>
        </description>
        <display-name></display-name>
        <icon></icon>
        <attribute-name></attribute-name>
        <attribute-class>java.lang.String</attribute-class>
      </attribute>

-->

      <attribute>
        <description>
          Flag indicating that this element must never
          receive focus or be included in a subsequent
          submit.
        </description>
        <display-name>Disabled Flag</display-name>
        <icon></icon>
        <attribute-name>disabled</attribute-name>
        <attribute-class>boolean</attribute-class>
        <attribute-extension>
          <pass-through>true</pass-through>
        </attribute-extension>
      </attribute>

      <attribute>
        <description>
          Javascript code executed when this element loses focus
          and its value has been modified since gaining focus.
        </description>
        <display-name>Input Change Script</display-name>
        <icon></icon>
        <attribute-name>onchange</attribute-name>
        <attribute-class>java.lang.String</attribute-class>
        <attribute-extension>
          <pass-through>true</pass-through>
        </attribute-extension>
      </attribute>

      <attribute>
        <description>
          Javascript code executed when text within this
          element is selected by the user.
        </description>
        <display-name>Text Select Script</display-name>
        <icon></icon>
        <attribute-name>onselect</attribute-name>
        <attribute-class>java.lang.String</attribute-class>
        <attribute-extension>
          <pass-through>true</pass-through>
        </attribute-extension>
      </attribute>

      <attribute>
        <description>
          Flag indicating that this component will prohibit
          changes by the user.  The element may receive focus
          unless it has also been disabled.
        </description>
        <display-name>Read Only Flag</display-name>
        <icon></icon>
        <attribute-name>readonly</attribute-name>
        <attribute-class>boolean</attribute-class>
        <attribute-extension>
          <pass-through>true</pass-through>
        </attribute-extension>
      </attribute>

