<?xml encoding='UTF-8'?>

<!--
 Copyright 2004 Sun Microsystems, Inc. All rights reserved.
 SUN PROPRIETARY/CONFIDENTIAL. Use is subject to license terms.
-->


<!-- ========== Input+Secret Properties ==================================== -->


<!-- template

      <property>
        <description>
        </description>
        <display-name></display-name>
        <icon></icon>
        <property-name></property-name>
        <property-class>java.lang.String</property-class>
      </property>

-->

    <property>
      <description>
        Flag indicating that any existing value
        in this field should be rendered when the
        form is created.  Because this is a potential
        security risk, password values are not
        displayed by default.
      </description>
      <display-name>Redisplay Flag</display-name>
      <icon></icon>
      <property-name>redisplay</property-name>
      <property-class>boolean</property-class>
    </property>

