<?xml encoding='UTF-8'?>

<!--
 Copyright 2004 Sun Microsystems, Inc. All rights reserved.
 SUN PROPRIETARY/CONFIDENTIAL. Use is subject to license terms.
-->


<!-- ========== Input+Secret Attributes ==================================== -->


<!-- template

      <attribute>
        <description>
        </description>
        <display-name></display-name>
        <icon></icon>
        <attribute-name></attribute-name>
        <attribute-class>java.lang.String</attribute-class>
      </attribute>

-->

    <attribute>
      <description>
        Flag indicating that any existing value
        in this field should be rendered when the
        form is created.  Because this is a potential
        security risk, password values are not
        displayed by default.
      </description>
      <display-name>Redisplay Flag</display-name>
      <icon></icon>
      <attribute-name>redisplay</attribute-name>
      <attribute-class>boolean</attribute-class>
    </attribute>

