<?xml encoding='UTF-8'?>

<!--
 Copyright 2004 Sun Microsystems, Inc. All rights reserved.
 SUN PROPRIETARY/CONFIDENTIAL. Use is subject to license terms.
-->


<!-- ========== Input+Textarea Attributes ================================== -->


<!-- template

      <attribute>
        <description>
        </description>
        <display-name></display-name>
        <icon></icon>
        <attribute-name></attribute-name>
        <attribute-class>java.lang.String</attribute-class>
      </attribute>

-->

    <attribute>
      <description>
        The number of columns to be displayed.
      </description>
      <display-name>Columns</display-name>
      <icon></icon>
      <attribute-name>cols</attribute-name>
      <attribute-class>int</attribute-class>
      <attribute-extension>
        <pass-through>true</pass-through>
      </attribute-extension>
    </attribute>

    <attribute>
      <description>
        The number of rows to be displayed.
      </description>
      <display-name>Rows</display-name>
      <icon></icon>
      <attribute-name>rows</attribute-name>
      <attribute-class>int</attribute-class>
      <attribute-extension>
        <pass-through>true</pass-through>
      </attribute-extension>
    </attribute>

