<?xml encoding='UTF-8'?>

<!--
 Copyright 2004 Sun Microsystems, Inc. All rights reserved.
 SUN PROPRIETARY/CONFIDENTIAL. Use is subject to license terms.
-->


<!-- ========== Input+Textarea Properties ================================== -->


<!-- template

      <property>
        <description>
        </description>
        <display-name></display-name>
        <icon></icon>
        <property-name></property-name>
        <property-class>java.lang.String</property-class>
      </property>

-->

    <property>
      <description>
        The number of columns to be displayed.
      </description>
      <display-name>Columns</display-name>
      <icon></icon>
      <property-name>cols</property-name>
      <property-class>int</property-class>
      <property-extension>
        <pass-through>true</pass-through>
      </property-extension>
    </property>

    <property>
      <description>
        The number of rows to be displayed.
      </description>
      <display-name>Rows</display-name>
      <icon></icon>
      <property-name>rows</property-name>
      <property-class>int</property-class>
      <property-extension>
        <pass-through>true</pass-through>
      </property-extension>
    </property>

