<?xml encoding='UTF-8'?>

<!--
 Copyright 2004 Sun Microsystems, Inc. All rights reserved.
 SUN PROPRIETARY/CONFIDENTIAL. Use is subject to license terms.
-->


<!-- ========== List Properties ============================================ -->


<!-- template

      <property>
        <description>
        </description>
        <display-name></display-name>
        <icon></icon>
        <property-name></property-name>
        <property-class>java.lang.String</property-class>
      </property>

-->

    <property>
      <description>
        Orientation of the list to be created.  Valid values
        are "pageDirection" (list is laid out vertically), or
        "lineDirection" (list is laid out horizontally).
      </description>
      <display-name>Layout</display-name>
      <icon></icon>
      <property-name>layout</property-name>
      <property-class>java.lang.String</property-class>
    </property>

