<?xml encoding='UTF-8'?>

<!--
 Copyright 2004 Sun Microsystems, Inc. All rights reserved.
 SUN PROPRIETARY/CONFIDENTIAL. Use is subject to license terms.
-->


<!-- ========== Listbox Properties ========================================= -->


<!-- template

      <property>
        <description>
        </description>
        <display-name></display-name>
        <icon></icon>
        <property-name></property-name>
        <property-class>java.lang.String</property-class>
      </property>

-->

    <property>
       <description>
         CSS style class to apply to the rendered label
         on disabled options.
       </description>
       <display-name>Disabled Label Class</display-name>
       <icon></icon>
       <property-name>disabledClass</property-name>
       <property-class>java.lang.String</property-class>
    </property>

    <property>
       <description>
         CSS style class to apply to the rendered label
         on enabled options.
       </description>
       <display-name>Enabled Label Class</display-name>
       <icon></icon>
       <property-name>enabledClass</property-name>
       <property-class>java.lang.String</property-class>
    </property>

    <property>
      <description>
        Number of available options to be shown at all times.
        If not specified, all available options are shown.
      </description>
      <display-name>Size</display-name>
      <icon></icon>
      <property-name>size</property-name>
      <property-class>int</property-class>
    </property>

