<?xml encoding='UTF-8'?>

<!--
 Copyright 2004 Sun Microsystems, Inc. All rights reserved.
 SUN PROPRIETARY/CONFIDENTIAL. Use is subject to license terms.
-->


<!-- ========== List Attributes ============================================ -->


<!-- template

      <attribute>
        <description>
        </description>
        <display-name></display-name>
        <icon></icon>
        <attribute-name></attribute-name>
        <attribute-class>java.lang.String</attribute-class>
      </attribute>

-->

    <attribute>
      <description>
        Orientation of the list to be created.  Valid values
        are "pageDirection" (list is laid out vertically), or
        "lineDirection" (list is laid out horizontally).
      </description>
      <display-name>Layout</display-name>
      <icon></icon>
      <attribute-name>layout</attribute-name>
      <attribute-class>java.lang.String</attribute-class>
    </attribute>

