<?xml encoding='UTF-8'?>

<!--
 Copyright 2004 Sun Microsystems, Inc. All rights reserved.
 SUN PROPRIETARY/CONFIDENTIAL. Use is subject to license terms.
-->


<!-- ========== Message+Message Properties ================================= -->


<!-- template

      <property>
        <description>
        </description>
        <display-name></display-name>
        <icon></icon>
        <property-name></property-name>
        <property-class>java.lang.String</property-class>
      </property>

-->

      <property>
        <description>
          CSS style class to apply to any message
          with a severity class of "ERROR".
        </description>
        <display-name>Error Class</display-name>
        <icon></icon>
        <property-name>errorClass</property-name>
        <property-class>java.lang.String</property-class>
      </property>
      
      <property>
        <description>
          CSS style(s) to apply to any message
          with a severity class of "ERROR".
        </description>
        <display-name>Error Styles</display-name>
        <icon></icon>
        <property-name>errorStyle</property-name>
        <property-class>java.lang.String</property-class>
      </property>
      
      <property>
        <description>
          CSS style class to apply to any message
          with a severity class of "FATAL".
        </description>
        <display-name>Fatal Class</display-name>
        <icon></icon>
        <property-name>fatalClass</property-name>
        <property-class>java.lang.String</property-class>
      </property>
      
      <property>
        <description>
          CSS style(s) to apply to any message
          with a severity class of "FATAL".
        </description>
        <display-name>Fatal Styles</display-name>
        <icon></icon>
        <property-name>fatalStyle</property-name>
        <property-class>java.lang.String</property-class>
      </property>
      
      <property>
        <description>
          CSS style class to apply to any message
          with a severity class of "INFO".
        </description>
        <display-name>Info Class</display-name>
        <icon></icon>
        <property-name>infoClass</property-name>
        <property-class>java.lang.String</property-class>
      </property>
      
      <property>
        <description>
          CSS style(s) to apply to any message
          with a severity class of "INFO".
        </description>
        <display-name>Info Styles</display-name>
        <icon></icon>
        <property-name>infoStyle</property-name>
        <property-class>java.lang.String</property-class>
      </property>
      
      <property>
        <description>
          Flag indicating whether the detail portion of the
          message should be displayed as a tooltip.
        </description>
        <display-name>Tooltip</display-name>
        <icon></icon>
        <property-name>tooltip</property-name>
        <property-class>boolean</property-class>
      </property>
      
      <property>
        <description>
          CSS style class to apply to any message
          with a severity class of "WARN".
        </description>
        <display-name>Warning Class</display-name>
        <icon></icon>
        <property-name>warnClass</property-name>
        <property-class>java.lang.String</property-class>
      </property>
      
      <property>
        <description>
          CSS style(s) to apply to any message
          with a severity class of "WARN".
        </description>
        <display-name>Warning Styles</display-name>
        <icon></icon>
        <property-name>warnStyle</property-name>
        <property-class>java.lang.String</property-class>
      </property>
      
