<?xml encoding='UTF-8'?>

<!--
 Copyright 2004 Sun Microsystems, Inc. All rights reserved.
 SUN PROPRIETARY/CONFIDENTIAL. Use is subject to license terms.
-->


<!-- ========== Message+Message Attributes ================================= -->


<!-- template

      <attribute>
        <description>
        </description>
        <display-name></display-name>
        <icon></icon>
        <attribute-name></attribute-name>
        <attribute-class>java.lang.String</attribute-class>
      </attribute>

-->

      <attribute>
        <description>
          CSS style class to apply to any message
          with a severity class of "ERROR".
        </description>
        <display-name>Error Class</display-name>
        <icon></icon>
        <attribute-name>errorClass</attribute-name>
        <attribute-class>java.lang.String</attribute-class>
      </attribute>
      
      <attribute>
        <description>
          CSS style(s) to apply to any message
          with a severity class of "ERROR".
        </description>
        <display-name>Error Styles</display-name>
        <icon></icon>
        <attribute-name>errorStyle</attribute-name>
        <attribute-class>java.lang.String</attribute-class>
      </attribute>
      
      <attribute>
        <description>
          CSS style class to apply to any message
          with a severity class of "FATAL".
        </description>
        <display-name>Fatal Class</display-name>
        <icon></icon>
        <attribute-name>fatalClass</attribute-name>
        <attribute-class>java.lang.String</attribute-class>
      </attribute>
      
      <attribute>
        <description>
          CSS style(s) to apply to any message
          with a severity class of "FATAL".
        </description>
        <display-name>Fatal Styles</display-name>
        <icon></icon>
        <attribute-name>fatalStyle</attribute-name>
        <attribute-class>java.lang.String</attribute-class>
      </attribute>
      
      <attribute>
        <description>
          CSS style class to apply to any message
          with a severity class of "INFO".
        </description>
        <display-name>Info Class</display-name>
        <icon></icon>
        <attribute-name>infoClass</attribute-name>
        <attribute-class>java.lang.String</attribute-class>
      </attribute>
      
      <attribute>
        <description>
          CSS style(s) to apply to any message
          with a severity class of "INFO".
        </description>
        <display-name>Info Styles</display-name>
        <icon></icon>
        <attribute-name>infoStyle</attribute-name>
        <attribute-class>java.lang.String</attribute-class>
      </attribute>
      
      <attribute>
        <description>
          Flag indicating whether the detail portion of the
          message should be displayed as a tooltip.
        </description>
        <display-name>Tooltip</display-name>
        <icon></icon>
        <attribute-name>tooltip</attribute-name>
        <attribute-class>boolean</attribute-class>
      </attribute>
      
      <attribute>
        <description>
          CSS style class to apply to any message
          with a severity class of "WARN".
        </description>
        <display-name>Warning Class</display-name>
        <icon></icon>
        <attribute-name>warnClass</attribute-name>
        <attribute-class>java.lang.String</attribute-class>
      </attribute>
      
      <attribute>
        <description>
          CSS style(s) to apply to any message
          with a severity class of "WARN".
        </description>
        <display-name>Warning Styles</display-name>
        <icon></icon>
        <attribute-name>warnStyle</attribute-name>
        <attribute-class>java.lang.String</attribute-class>
      </attribute>
      
