<?xml encoding='UTF-8'?>

<!--
 Copyright 2004 Sun Microsystems, Inc. All rights reserved.
 SUN PROPRIETARY/CONFIDENTIAL. Use is subject to license terms.
-->


<!-- ========== Output+Label Properties ==================================== -->


<!-- template

      <property>
        <description>
        </description>
        <display-name></display-name>
        <icon></icon>
        <property-name></property-name>
        <property-class>java.lang.String</property-class>
      </property>

-->

    <property>
      <description>
        Client identifier of the component for which this element
        is a label.
      </description>
      <display-name>Label For Identifier</display-name>
      <icon></icon>
      <property-name>for</property-name>
      <property-class>java.lang.String</property-class>
      <property-extension>
        <required>false</required>
      </property-extension>
    </property>

