<?xml encoding='UTF-8'?>

<!--
 Copyright 2004 Sun Microsystems, Inc. All rights reserved.
 SUN PROPRIETARY/CONFIDENTIAL. Use is subject to license terms.
-->


<!-- ========== Output+Format Attributes =================================== -->


<!-- template

      <attribute>
        <description>
        </description>
        <display-name></display-name>
        <icon></icon>
        <attribute-name></attribute-name>
        <attribute-class>java.lang.String</attribute-class>
      </attribute>

-->

    <attribute>
      <description>
        Flag indicating that characters that are sensitive
        in HTML and XML markup must be escaped.  This flag
        is set to "true" by default.
      </description>
      <display-name>Escape Characters</display-name>
      <icon></icon>
      <attribute-name>escape</attribute-name>
      <attribute-class>boolean</attribute-class>
      <attribute-extension>
        <default-value>true</default-value>
      </attribute-extension>
    </attribute>

