<?xml encoding='UTF-8'?>

<!--
 Copyright 2004 Sun Microsystems, Inc. All rights reserved.
 SUN PROPRIETARY/CONFIDENTIAL. Use is subject to license terms.
-->


<!-- ========== Output+Label Attributes ==================================== -->


<!-- template

      <attribute>
        <description>
        </description>
        <display-name></display-name>
        <icon></icon>
        <attribute-name></attribute-name>
        <attribute-class>java.lang.String</attribute-class>
      </attribute>

-->

    <attribute>
      <description>
        Client identifier of the component for which this element
        is a label.
      </description>
      <display-name>Label For Identifier</display-name>
      <icon></icon>
      <attribute-name>for</attribute-name>
      <attribute-class>java.lang.String</attribute-class>
      <attribute-extension>
        <required>false</required>
      </attribute-extension>
    </attribute>

