<?xml encoding='UTF-8'?>

<!--
 Copyright 2004 Sun Microsystems, Inc. All rights reserved.
 SUN PROPRIETARY/CONFIDENTIAL. Use is subject to license terms.
-->


<!-- ========== Panel+Grid Properties ====================================== -->


<!-- template

      <property>
        <description>
        </description>
        <display-name></display-name>
        <icon></icon>
        <property-name></property-name>
        <property-class>java.lang.String</property-class>
      </property>

-->

    <property>
      <description>
        The number of columns to render before
        starting a new row.
      </description>
      <display-name>Columns</display-name>
      <icon></icon>
      <property-name>columns</property-name>
      <property-class>int</property-class>
    </property>

