<?xml encoding='UTF-8'?>

<!--
 Copyright 2004 Sun Microsystems, Inc. All rights reserved.
 SUN PROPRIETARY/CONFIDENTIAL. Use is subject to license terms.
-->


<!-- ========== SelectOne+Radio Properties ================================= -->


<!-- template

      <property>
        <description>
        </description>
        <display-name></display-name>
        <icon></icon>
        <property-name></property-name>
        <property-class>java.lang.String</property-class>
      </property>

-->

      <property>
        <description>
          Width (in pixels) of the border to be drawn
          around the table containing the options list.
        </description>
        <display-name>Table Border</display-name>
        <icon></icon>
        <property-name>border</property-name>
        <property-class>int</property-class>
        <property-extension>
          <pass-through>true</pass-through>
        </property-extension>
      </property>

      <property>
        <description>
          CSS style class to apply to the rendered label
          on disabled options.
        </description>
        <display-name>Disabled Label Class</display-name>
        <icon></icon>
        <property-name>disabledClass</property-name>
        <property-class>java.lang.String</property-class>
      </property>
      
      <property>
        <description>
          CSS style class to apply to the rendered label
          on enabled options.
        </description>
        <display-name>Enabled Label Class</display-name>
        <icon></icon>
        <property-name>enabledClass</property-name>
        <property-class>java.lang.String</property-class>
      </property>
      
      <property>
        <description>
          Orientation of the options list to be created.
          Valid values are "pageDirection" (list is laid
          out vertically), or "lineDirection" (list is
          laid out horizontally).  If not specified, the
          default value is "lineDirection".
        </description>
        <display-name>Layout</display-name>
        <icon></icon>
        <property-name>layout</property-name>
        <property-class>java.lang.String</property-class>
      </property>

