<?xml encoding='UTF-8'?>

<!--
 Copyright 2004 Sun Microsystems, Inc. All rights reserved.
 SUN PROPRIETARY/CONFIDENTIAL. Use is subject to license terms.
-->


<!-- ========== Text Attributes ============================================ -->


<!-- template

      <attribute>
        <description>
        </description>
        <display-name></display-name>
        <icon></icon>
        <attribute-name></attribute-name>
        <attribute-class>java.lang.String</attribute-class>
      </attribute>

-->

      <attribute>
        <description>
          Alternate textual description of the
          element rendered by this component.
        </description>
        <display-name>Alternate Text</display-name>
        <icon></icon>
        <attribute-name>alt</attribute-name>
        <attribute-class>java.lang.String</attribute-class>
        <attribute-extension>
          <pass-through>true</pass-through>
        </attribute-extension>
      </attribute>

      <attribute>
        <description>
          The maximum number of characters that may
          be entered in this field.
        </description>
        <display-name>Maximum Length</display-name>
        <icon></icon>
        <attribute-name>maxlength</attribute-name>
        <attribute-class>int</attribute-class>
        <attribute-extension>
          <pass-through>true</pass-through>
        </attribute-extension>
      </attribute>

      <attribute>
        <description>
          The number of characters used to determine
          the width of this field.
        </description>
        <display-name>Field Width</display-name>
        <icon></icon>
        <attribute-name>size</attribute-name>
        <attribute-class>int</attribute-class>
        <attribute-extension>
          <pass-through>true</pass-through>
        </attribute-extension>
      </attribute>

