<?xml encoding='UTF-8'?>

<!--
 Copyright 2004 Sun Microsystems, Inc. All rights reserved.
 SUN PROPRIETARY/CONFIDENTIAL. Use is subject to license terms.
-->

<!-- ========== UIMessage Properties ======================================= -->


<!-- template

      <property>
        <description>
        </description>
        <display-name></display-name>
        <icon></icon>
        <property-name></property-name>
        <property-class>java.lang.String</property-class>
      </property>

-->

      &uicomponent-props;

      <property>
        <description>
          Client identifier of the component for which to display messages.
        </description>
        <display-name>Associated Client Id</display-name>
        <icon></icon>
        <property-name>for</property-name>
        <property-class>java.lang.String</property-class>
        <property-extension>
          <required>true</required>
        </property-extension>
      </property>

      <property>
        <description>
          Flag indicating whether the summary portion of displayed messages
          should be included.  Default value is "true".
        </description>
        <display-name>Show Detail</display-name>
        <icon></icon>
        <property-name>showDetail</property-name>
        <property-class>boolean</property-class>
        <property-extension>
          <default-value>true</default-value>
        </property-extension>
      </property>

      <property>
        <description>
          Flag indicating whether the summary portion of displayed messages
          should be included.  Default value is "false".
        </description>
        <display-name>Show Summary</display-name>
        <icon></icon>
        <property-name>showSummary</property-name>
        <property-class>boolean</property-class>
        <property-extension>
          <default-value>false</default-value>
        </property-extension>
      </property>

