<?xml encoding='UTF-8'?>

<!--
 Copyright 2004 Sun Microsystems, Inc. All rights reserved.
 SUN PROPRIETARY/CONFIDENTIAL. Use is subject to license terms.
-->

<!-- ========== UISelectItem Properties ==================================== -->


<!-- template

      <property>
        <description>
        </description>
        <display-name></display-name>
        <icon></icon>
        <property-name></property-name>
        <property-class>java.lang.String</property-class>
      </property>

-->

      &uicomponent-props;

      <property>
        <description>
          Description of the selection item represented by this component.
          This property may be used by tools.
        </description>
        <display-name>Item Description</display-name>
        <icon></icon>
        <property-name>itemDescription</property-name>
        <property-class>java.lang.String</property-class>
      </property>

      <property>
        <description>
          Flag indicating that the selection item represented by this component
          must be rendered as disabled.
        </description>
        <display-name>Item Disabled</display-name>
        <icon></icon>
        <property-name>itemDisabled</property-name>
        <property-class>boolean</property-class>
      </property>

      <property>
        <description>
          Label of the selection item represented by this component.  This
          property is displayed to the user when the containing input
          component is rendered.
        </description>
        <display-name>Item Label</display-name>
        <icon></icon>
        <property-name>itemLabel</property-name>
        <property-class>java.lang.String</property-class>
      </property>

      <property>
        <description>
          The value returned to the server when a user chooses the selection
          item represented by this component.
        </description>
        <display-name>Item Value</display-name>
        <icon></icon>
        <property-name>itemValue</property-name>
        <property-class>java.lang.Object</property-class>
      </property>

      <property>
        <description>
          The current value of this component.
        </description>
        <display-name>Value</display-name>
        <icon></icon>
        <property-name>value</property-name>
        <property-class>java.lang.Object</property-class>
      </property>

