<?xml encoding='UTF-8'?>

<!--
 Copyright 2004 Sun Microsystems, Inc. All rights reserved.
 SUN PROPRIETARY/CONFIDENTIAL. Use is subject to license terms.
-->

<!-- ========== UISelectMany Properties ==================================== -->


<!-- template

      <property>
        <description>
        </description>
        <display-name></display-name>
        <icon></icon>
        <property-name></property-name>
        <property-class>java.lang.String</property-class>
      </property>

-->

      &uiinput-props;

      <property>
        <description>
          Array containing the selected values for this component.
          This is an alias for the "value" property.
        </description>
        <display-name>Selected Values</display-name>
        <icon></icon>
        <property-name>selectedValues</property-name>
        <property-class>java.lang.Object[]</property-class>
        <property-extension>
          <tag-attribute>false</tag-attribute>
        </property-extension>
      </property>

